<?xml version="1.0" encoding="UTF-8" standalone="no"?>
<ServerSettings DomainId="4AEDFD1D0A0A385F013F96FB39FF0957">
  <CommConf>
    <AgentCommunicationSetting AlwaysConnect="1" CommunicationMode="PULL" DisableDownloadProfile="0" Kcs="29BD28E3C9F9448BABB6CA8402A19C49" PullHeartbeatSeconds="1800" PushHeartbeatSeconds="300" UploadCmdStateHeartbeatSeconds="300" UploadLearnedApp="0" UploadLogHeartbeatSeconds="300" UploadOpStateHeartbeatSeconds="300"/>
    <LogSetting MaxLogRecords="100" SendingLogAllowed="1" UploadProcessLog="1" UploadRawLog="1" UploadSecurityLog="1" UploadSystemLog="1" UploadTrafficLog="1"/>
    <RegisterClient PreferredGroup="My Company\Lunux" PreferredMode="1"/>
    <ServerList FreezeSmsList="0" Name="New Server Management Server List for HCA International">
      <ServerPriorityBlock Name="List0">
        <Server Address="10.96.160.32" HttpPort="8014" VerifySignatures="0"/>
        <Server Address="HCUKSEPM14Manag" HttpPort="8014" VerifySignatures="0"/>
        <Server Address="HCUKSEPM14Manag.hca.uk.net" HttpPort="8014" VerifySignatures="0"/>
      </ServerPriorityBlock>
    </ServerList>
    <ServerCertList>
      <Certificate Name="HCUKSEPM14Manag">-----BEGIN CERTIFICATE-----
MIIEKTCCAxGgAwIBAgIDCDDfMA0GCSqGSIb3DQEBCwUAMIGEMQswCQYDVQQGEwJVUzELMAkGA1UE&#13;
CBMCQ0ExFjAUBgNVBAcTDU1vdW50YWluIFZpZXcxHTAbBgNVBAoTFFN5bWFudGVjIENvcnBvcmF0&#13;
aW9uMQwwCgYDVQQLEwNFU0cxIzAhBgNVBAMTGkhDVUtTRVBNMTRNYW5hZy5oY2EudWsubmV0MB4X&#13;
DTE4MTAzMTExNTIwMVoXDTI4MTEyNzExNTIwMVowgYQxCzAJBgNVBAYTAlVTMQswCQYDVQQIEwJD&#13;
QTEWMBQGA1UEBxMNTW91bnRhaW4gVmlldzEdMBsGA1UEChMUU3ltYW50ZWMgQ29ycG9yYXRpb24x&#13;
DDAKBgNVBAsTA0VTRzEjMCEGA1UEAxMaSENVS1NFUE0xNE1hbmFnLmhjYS51ay5uZXQwggEiMA0G&#13;
CSqGSIb3DQEBAQUAA4IBDwAwggEKAoIBAQCmoXCGGN+sPJzXnZwqVKwyukUITgWoCquMRdwEkRj1&#13;
ShEdxUcmnyxVlFDCMT/cpC5HFe5R9Guyq6FXjCJgKNf2ELxzp2W2eCZ51e4Q6eT4rrucsetqvFRC&#13;
6vPPTDcNfUEfss2ttvPNu1zt1k9rx7aCCQvF1YmhQJrKFjQ7BD52bZk6qg1ag9tQtvyWqj/GVCsh&#13;
U0NTdsaau01BNPF60ujXPHsdHNvqUUDgThFqx/KTxhpRYAbE2KVLacJHNFsQSIHnWsARPbHy6n66&#13;
Cp1CWpYXuE5TiSsUh+tBlqmptcM6yoZkb5EFkoI19cTrmr+6kq5jZ9UUSzQ9eQXkYfoSmC71AgMB&#13;
AAGjgaEwgZ4wHwYDVR0jBBgwFoAU7fSKzhwGX7WpYg+jyDE0gC/70nEwXAYDVR0RBFUwU4IaSENV&#13;
S1NFUE0xNE1hbmFnLmhjYS51ay5uZXSCD0hDVUtTRVBNMTRNYW5hZ4cECmCgIIIMMTAuOTYuMTYw&#13;
LjMyhxD+gAAAAAAAANXN8nt+sPi4MB0GA1UdDgQWBBTt9IrOHAZftaliD6PIMTSAL/vScTANBgkq&#13;
hkiG9w0BAQsFAAOCAQEAM6LqWGdyPOqkz/kLzYfajVui654Ta5jJxkUi8Zd4JZGrbgvlms0rqMrh&#13;
N/cTiUERA2pBFNL7wBZXIHPvoMBAcgFBZ01u+FMwOJS9iyuSU7ix67vDBZz/7NoGwtuM7emrnQ/g&#13;
d33uVSwDSzdwHTiJNITA53cnv67bfiy4vgMHZsPyn0uO/GIzvbOoksiHTLVDRAmmc2wKJ1fIe8F/&#13;
qnZNEARMulgGDG6JfeDgLJH++zInEDta0bJfQkG8juWutp52lo/o+DR/JI6B/aiXYfJpJHZSa5G7&#13;
aGkdpLf6odY3vtTBTy6NCGyEhmL6r1Lz61JbMWhu1BU2Oe2YxVgSO+yLBA==&#13;
-----END CERTIFICATE-----</Certificate>
    </ServerCertList>
  </CommConf>
</ServerSettings>
